Contact Name	Contact ID	Hobby	Hobby ID
Acton Mercado	0036F00002XzNFgQAN	Camping	a016F00001f5XFEQA2
Acton Mercado	0036F00002XzNFgQAN	Sailing	a016F00001f5XFCQA2
Acton Mercado	0036F00002XzNFgQAN	Backpacking	a016F00001f5XFDQA2
Adam Hogan	0036F00002XzNFhQAN	Mountaineering	a016F00001f5XExQAM
Adam Hogan	0036F00002XzNFhQAN	Kayaking	a016F00001f5XF8QAM
Adam Hogan	0036F00002XzNFhQAN	Mountain biking	a016F00001f5XF9QAM
Adria Battle	0036F00002XzNFiQAN	Bridge	a016F00001f5XEzQAM
Adria Battle	0036F00002XzNFiQAN	Chess	a016F00001f5XF0QAM
Adria Battle	0036F00002XzNFiQAN	Sailing	a016F00001f5XFCQA2
Aubrey Weaver	0036F00002XzNFjQAN	Bridge	a016F00001f5XEzQAM
Aubrey Weaver	0036F00002XzNFjQAN	Backpacking	a016F00001f5XFDQA2
Aubrey Weaver	0036F00002XzNFjQAN	Board games	a016F00001f5XEyQAM
Beverly Fletcher	0036F00002XzNFkQAN	Backpacking	a016F00001f5XFDQA2
Beverly Fletcher	0036F00002XzNFkQAN	Camping	a016F00001f5XFEQA2
Beverly Fletcher	0036F00002XzNFkQAN	Sailing	a016F00001f5XFCQA2
Blaine Schroeder	0036F00002XzNFlQAN	Camping	a016F00001f5XFEQA2
Blaine Schroeder	0036F00002XzNFlQAN	Orienteering	a016F00001f5XFAQA2
Blaine Schroeder	0036F00002XzNFlQAN	Rafting	a016F00001f5XFBQA2
Brenda Mullins	0036F00002XzNFmQAN	Chess	a016F00001f5XF0QAM
Brenda Mullins	0036F00002XzNFmQAN	Bird watching	a016F00001f5XF7QAM
Brenda Mullins	0036F00002XzNFmQAN	Kayaking	a016F00001f5XF8QAM
Brock Bryan	0036F00002XzNFnQAN	Rafting	a016F00001f5XFBQA2
Brock Bryan	0036F00002XzNFnQAN	Orienteering	a016F00001f5XFAQA2
Brynn Ferguson	0036F00002XzNFoQAN	Backpacking	a016F00001f5XFDQA2
Brynn Ferguson	0036F00002XzNFoQAN	Camping	a016F00001f5XFEQA2
Brynn Ferguson	0036F00002XzNFoQAN	Chess	a016F00001f5XF0QAM
Carly Farrell	0036F00002XzNFpQAN	Bird watching	a016F00001f5XF7QAM
Carly Farrell	0036F00002XzNFpQAN	Kayaking	a016F00001f5XF8QAM
Charde Matthews	0036F00002XzNFqQAN	Mountain biking	a016F00001f5XF9QAM
Charde Matthews	0036F00002XzNFqQAN	Sailing	a016F00001f5XFCQA2
Charde Matthews	0036F00002XzNFqQAN	Glassblowing	a016F00001f5XEhQAM
Charity Burke	0036F00002XzNFrQAN	Mountain biking	a016F00001f5XF9QAM
Charity Burke	0036F00002XzNFrQAN	Mountaineering	a016F00001f5XExQAM
Cheyenne Walter	0036F00002XzNFsQAN	Sailing	a016F00001f5XFCQA2
Cheyenne Walter	0036F00002XzNFsQAN	Backpacking	a016F00001f5XFDQA2
Clayton Collier	0036F00002XzNFtQAN	Chess	a016F00001f5XF0QAM
Clayton Collier	0036F00002XzNFtQAN	Bird watching	a016F00001f5XF7QAM
Clayton Collier	0036F00002XzNFtQAN	Kayaking	a016F00001f5XF8QAM
Cody Clay	0036F00002XzNFuQAN	Kayaking	a016F00001f5XF8QAM
Cody Clay	0036F00002XzNFuQAN	Backpacking	a016F00001f5XFDQA2
Cody Clay	0036F00002XzNFuQAN	Marbles	a016F00001f5XF2QAM
Colton Griffith	0036F00002XzNFvQAN	Kayaking	a016F00001f5XF8QAM
Colton Griffith	0036F00002XzNFvQAN	Mountain biking	a016F00001f5XF9QAM
Colton Griffith	0036F00002XzNFvQAN	Mountaineering	a016F00001f5XExQAM
Cyrus Atkins	0036F00002XzNFwQAN	Sailing	a016F00001f5XFCQA2
Cyrus Atkins	0036F00002XzNFwQAN	Backpacking	a016F00001f5XFDQA2
Dana Pugh	0036F00002XzNFxQAN	Marbles	a016F00001f5XF2QAM
Dana Pugh	0036F00002XzNFxQAN	Sketching	a016F00001f5XErQAM
Dana Pugh	0036F00002XzNFxQAN	Woodworking	a016F00001f5XEsQAM
Deacon Gill	0036F00002XzNFyQAN	Mountain biking	a016F00001f5XF9QAM
Deacon Gill	0036F00002XzNFyQAN	Mountaineering	a016F00001f5XExQAM
Dean Travis	0036F00002XzNFzQAN	Camping	a016F00001f5XFEQA2
Dean Travis	0036F00002XzNFzQAN	Orienteering	a016F00001f5XFAQA2
Dean Travis	0036F00002XzNFzQAN	Rafting	a016F00001f5XFBQA2
Emerson Burns	0036F00002XzNG1QAN	Backpacking	a016F00001f5XFDQA2
Emerson Burns	0036F00002XzNG1QAN	Camping	a016F00001f5XFEQA2
Emerson Burns	0036F00002XzNG1QAN	Orienteering	a016F00001f5XFAQA2
Emi Bradshaw	0036F00002XzNG2QAN	Backpacking	a016F00001f5XFDQA2
Emi Bradshaw	0036F00002XzNG2QAN	Sailing	a016F00001f5XFCQA2
Emi Bradshaw	0036F00002XzNG2QAN	Bird watching	a016F00001f5XF7QAM
Emily Peters	0036F00002XzNG3QAN	Chess	a016F00001f5XF0QAM
Emily Peters	0036F00002XzNG3QAN	Bird watching	a016F00001f5XF7QAM
Emily Peters	0036F00002XzNG3QAN	Kayaking	a016F00001f5XF8QAM
Emma Mayo	0036F00002XzNG4QAN	Orienteering	a016F00001f5XFAQA2
Emma Mayo	0036F00002XzNG4QAN	Rafting	a016F00001f5XFBQA2
Erich Ingram	0036F00002XzNG5QAN	Chess	a016F00001f5XF0QAM
Erich Ingram	0036F00002XzNG5QAN	Backpacking	a016F00001f5XFDQA2
Erich Ingram	0036F00002XzNG5QAN	Camping	a016F00001f5XFEQA2
Eve Gay	0036F00002XzNG6QAN	Lego building	a016F00001f5XF6QAM
Eve Gay	0036F00002XzNG6QAN	Sailing	a016F00001f5XFCQA2
Eve Gay	0036F00002XzNG6QAN	Glassblowing	a016F00001f5XEhQAM
Fletcher Hernandez	0036F00002XzNG7QAN	Sculpting	a016F00001f5XEqQAM
Fletcher Hernandez	0036F00002XzNG7QAN	Photography	a016F00001f5XEpQAM
Fletcher Hernandez	0036F00002XzNG7QAN	Bird watching	a016F00001f5XF7QAM
Francis Good	0036F00002XzNG8QAN	Bird watching	a016F00001f5XF7QAM
Francis Good	0036F00002XzNG8QAN	BASE jumping	a016F00001f5XEtQAM
Francis Good	0036F00002XzNG8QAN	Video gaming	a016F00001f5XF5QAM
Gareth Park	0036F00002XzNG9QAN	Backpacking	a016F00001f5XFDQA2
Gareth Park	0036F00002XzNG9QAN	Marbles	a016F00001f5XF2QAM
Gareth Park	0036F00002XzNG9QAN	Sailing	a016F00001f5XFCQA2
Gisela Waller	0036F00002XzNGAQA3	Chess	a016F00001f5XF0QAM
Gisela Waller	0036F00002XzNGAQA3	Camping	a016F00001f5XFEQA2
Gisela Waller	0036F00002XzNGAQA3	Orienteering	a016F00001f5XFAQA2
Hilel Harris	0036F00002XzNGCQA3	Bird watching	a016F00001f5XF7QAM
Hilel Harris	0036F00002XzNGCQA3	Painting	a016F00001f5XEoQAM
Hilel Harris	0036F00002XzNGCQA3	Photography	a016F00001f5XEpQAM
Hollee Davidson	0036F00002XzNGDQA3	Camping	a016F00001f5XFEQA2
Hollee Davidson	0036F00002XzNGDQA3	Orienteering	a016F00001f5XFAQA2
Hollee Davidson	0036F00002XzNGDQA3	Rafting	a016F00001f5XFBQA2
Hop Fletcher	0036F00002XzNGEQA3	Bird watching	a016F00001f5XF7QAM
Hop Fletcher	0036F00002XzNGEQA3	Mountain biking	a016F00001f5XF9QAM
Hop Fletcher	0036F00002XzNGEQA3	Orienteering	a016F00001f5XFAQA2
Hyatt Best	0036F00002XzNGFQA3	Poker	a016F00001f5XF3QAM
Hyatt Best	0036F00002XzNGFQA3	Camping	a016F00001f5XFEQA2
Hyatt Best	0036F00002XzNGFQA3	Sudoku	a016F00001f5XF4QAM
Iona Foley	0036F00002XzNGGQA3	Mountain biking	a016F00001f5XF9QAM
Iona Foley	0036F00002XzNGGQA3	Mountaineering	a016F00001f5XExQAM
Jacqueline Pennington	0036F00002XzNGIQA3	Kayaking	a016F00001f5XF8QAM
Jacqueline Pennington	0036F00002XzNGIQA3	Rafting	a016F00001f5XFBQA2
Jada Miles	0036F00002XzNGJQA3	Camping	a016F00001f5XFEQA2
Jada Miles	0036F00002XzNGJQA3	Orienteering	a016F00001f5XFAQA2
Jada Miles	0036F00002XzNGJQA3	Rafting	a016F00001f5XFBQA2
Jessamine Mcclure	0036F00002XzNGKQA3	Lego building	a016F00001f5XF6QAM
Jessamine Mcclure	0036F00002XzNGKQA3	Orienteering	a016F00001f5XFAQA2
Jessamine Mcclure	0036F00002XzNGKQA3	Origami	a016F00001f5XEiQAM
Jessamine Torres	0036F00002XzNGLQA3	Bird watching	a016F00001f5XF7QAM
Jessamine Torres	0036F00002XzNGLQA3	Kayaking	a016F00001f5XF8QAM
Joshua Case	0036F00002XzNGMQA3	Camping	a016F00001f5XFEQA2
Joshua Case	0036F00002XzNGMQA3	Chess	a016F00001f5XF0QAM
Joshua Maxwell	0036F00002XzNGNQA3	Sculpting	a016F00001f5XEqQAM
Joshua Maxwell	0036F00002XzNGNQA3	Kayaking	a016F00001f5XF8QAM
Joshua Maxwell	0036F00002XzNGNQA3	Rafting	a016F00001f5XFBQA2
Juliet Collier	0036F00002XzNGOQA3	Camping	a016F00001f5XFEQA2
Juliet Collier	0036F00002XzNGOQA3	Chess	a016F00001f5XF0QAM
Kalia Reid	0036F00002XzNGPQA3	Marbles	a016F00001f5XF2QAM
Kalia Reid	0036F00002XzNGPQA3	Backpacking	a016F00001f5XFDQA2
Kalia Reid	0036F00002XzNGPQA3	Mahjong	a016F00001f5XF1QAM
Keefe Hendricks	0036F00002XzNGQQA3	Camping	a016F00001f5XFEQA2
Keefe Hendricks	0036F00002XzNGQQA3	Chess	a016F00001f5XF0QAM
Kirk Petty	0036F00002XzNGRQA3	Bird watching	a016F00001f5XF7QAM
Kirk Petty	0036F00002XzNGRQA3	Backpacking	a016F00001f5XFDQA2
Kirk Petty	0036F00002XzNGRQA3	Marbles	a016F00001f5XF2QAM
Kyla Oconnor	0036F00002XzNGSQA3	Mountaineering	a016F00001f5XExQAM
Kyla Oconnor	0036F00002XzNGSQA3	Kayaking	a016F00001f5XF8QAM
Kyla Oconnor	0036F00002XzNGSQA3	Mountain biking	a016F00001f5XF9QAM
Lacy Vaughan	0036F00002XzNGTQA3	Orienteering	a016F00001f5XFAQA2
Lacy Vaughan	0036F00002XzNGTQA3	Mountain biking	a016F00001f5XF9QAM
Lacy Vaughan	0036F00002XzNGTQA3	Mountaineering	a016F00001f5XExQAM
Leila Branch	0036F00002XzNGVQA3	Backpacking	a016F00001f5XFDQA2
Leila Branch	0036F00002XzNGVQA3	Sailing	a016F00001f5XFCQA2
Leila Branch	0036F00002XzNGVQA3	Bird watching	a016F00001f5XF7QAM
Len Hill	0036F00002XzNGWQA3	Mountain biking	a016F00001f5XF9QAM
Len Hill	0036F00002XzNGWQA3	Mountaineering	a016F00001f5XExQAM
Lewis Nolan	0036F00002XzNGXQA3	Camping	a016F00001f5XFEQA2
Lewis Nolan	0036F00002XzNGXQA3	Orienteering	a016F00001f5XFAQA2
Lewis Nolan	0036F00002XzNGXQA3	Rafting	a016F00001f5XFBQA2
Lucius Maynard	0036F00002XzNGYQA3	Kayaking	a016F00001f5XF8QAM
Lucius Maynard	0036F00002XzNGYQA3	Bird watching	a016F00001f5XF7QAM
Macey Harmon	0036F00002XzNGZQA3	Backpacking	a016F00001f5XFDQA2
Macey Harmon	0036F00002XzNGZQA3	Marbles	a016F00001f5XF2QAM
Macon Bernard	0036F00002XzNGaQAN	Chess	a016F00001f5XF0QAM
Macon Bernard	0036F00002XzNGaQAN	Bird watching	a016F00001f5XF7QAM
Macon Bernard	0036F00002XzNGaQAN	Kayaking	a016F00001f5XF8QAM
Malik Hernandez	0036F00002XzNGbQAN	Backpacking	a016F00001f5XFDQA2
Malik Hernandez	0036F00002XzNGbQAN	Board games	a016F00001f5XEyQAM
Malik Hernandez	0036F00002XzNGbQAN	Bird watching	a016F00001f5XF7QAM
Malik Mendez	0036F00002XzNGcQAN	Orienteering	a016F00001f5XFAQA2
Malik Mendez	0036F00002XzNGcQAN	Rafting	a016F00001f5XFBQA2
Michelle Beard	0036F00002XzNGfQAN	Bird watching	a016F00001f5XF7QAM
Michelle Beard	0036F00002XzNGfQAN	Kayaking	a016F00001f5XF8QAM
Montana Todd	0036F00002XzNGhQAN	Backpacking	a016F00001f5XFDQA2
Montana Todd	0036F00002XzNGhQAN	Chess	a016F00001f5XF0QAM
Montana Todd	0036F00002XzNGhQAN	Sailing	a016F00001f5XFCQA2
Nash Baker	0036F00002XzNGiQAN	Orienteering	a016F00001f5XFAQA2
Nash Baker	0036F00002XzNGiQAN	Backpacking	a016F00001f5XFDQA2
Nash Baker	0036F00002XzNGiQAN	Camping	a016F00001f5XFEQA2
Nash Mullen	0036F00002XzNGjQAN	Backpacking	a016F00001f5XFDQA2
Nash Mullen	0036F00002XzNGjQAN	Sailing	a016F00001f5XFCQA2
Nash Mullen	0036F00002XzNGjQAN	Bird watching	a016F00001f5XF7QAM
Nell Cooley	0036F00002XzNGlQAN	Speed skating	a016F00001f5XEwQAM
Nell Cooley	0036F00002XzNGlQAN	Skydiving	a016F00001f5XEuQAM
Nell Cooley	0036F00002XzNGlQAN	Snowboarding	a016F00001f5XEvQAM
Oliver Dixon	0036F00002XzNGmQAN	Bird watching	a016F00001f5XF7QAM
Oliver Dixon	0036F00002XzNGmQAN	Kayaking	a016F00001f5XF8QAM
Olivia Nolan	0036F00002XzNGnQAN	Camping	a016F00001f5XFEQA2
Olivia Nolan	0036F00002XzNGnQAN	Orienteering	a016F00001f5XFAQA2
Olivia Nolan	0036F00002XzNGnQAN	Chess	a016F00001f5XF0QAM
Pascale Newton	0036F00002XzNGoQAN	Chess	a016F00001f5XF0QAM
Pascale Newton	0036F00002XzNGoQAN	Bird watching	a016F00001f5XF7QAM
Pascale Newton	0036F00002XzNGoQAN	Kayaking	a016F00001f5XF8QAM
Phillip Foster	0036F00002XzNGpQAN	Orienteering	a016F00001f5XFAQA2
Phillip Foster	0036F00002XzNGpQAN	Rafting	a016F00001f5XFBQA2
Phoebe Blackburn	0036F00002XzNGqQAN	Orienteering	a016F00001f5XFAQA2
Phoebe Blackburn	0036F00002XzNGqQAN	Backpacking	a016F00001f5XFDQA2
Phoebe Blackburn	0036F00002XzNGqQAN	Camping	a016F00001f5XFEQA2
Rhona Hoover	0036F00002XzNGrQAN	Sailing	a016F00001f5XFCQA2
Rhona Hoover	0036F00002XzNGrQAN	Backpacking	a016F00001f5XFDQA2
Russell Winters	0036F00002XzNGtQAN	Orienteering	a016F00001f5XFAQA2
Russell Winters	0036F00002XzNGtQAN	Backpacking	a016F00001f5XFDQA2
Russell Winters	0036F00002XzNGtQAN	Marbles	a016F00001f5XF2QAM
Shad Neal	0036F00002XzNGuQAN	Mountaineering	a016F00001f5XExQAM
Shad Neal	0036F00002XzNGuQAN	Kayaking	a016F00001f5XF8QAM
Shad Neal	0036F00002XzNGuQAN	Mountain biking	a016F00001f5XF9QAM
Sierra Medina	0036F00002XzNGvQAN	Orienteering	a016F00001f5XFAQA2
Sierra Medina	0036F00002XzNGvQAN	Rafting	a016F00001f5XFBQA2
Skyler Monroe	0036F00002XzNGwQAN	Camping	a016F00001f5XFEQA2
Skyler Monroe	0036F00002XzNGwQAN	Chess	a016F00001f5XF0QAM
Stella Hopkins	0036F00002XzNGxQAN	Mountaineering	a016F00001f5XExQAM
Stella Hopkins	0036F00002XzNGxQAN	Kayaking	a016F00001f5XF8QAM
Stella Hopkins	0036F00002XzNGxQAN	Mountain biking	a016F00001f5XF9QAM
Tad Boyd	0036F00002XzNGyQAN	Bird watching	a016F00001f5XF7QAM
Tad Boyd	0036F00002XzNGyQAN	Kayaking	a016F00001f5XF8QAM
Tara Roberts	0036F00002XzNGzQAN	Mountain biking	a016F00001f5XF9QAM
Tara Roberts	0036F00002XzNGzQAN	Mountaineering	a016F00001f5XExQAM
Tatum Mcgee	0036F00002XzNH0QAN	Camping	a016F00001f5XFEQA2
Tatum Mcgee	0036F00002XzNH0QAN	Sudoku	a016F00001f5XF4QAM
Tatum Mcgee	0036F00002XzNH0QAN	Video gaming	a016F00001f5XF5QAM
Thane Greene	0036F00002XzNH1QAN	Camping	a016F00001f5XFEQA2
Thane Greene	0036F00002XzNH1QAN	Chess	a016F00001f5XF0QAM
Thomas Rosales	0036F00002XzNH2QAN	Backpacking	a016F00001f5XFDQA2
Thomas Rosales	0036F00002XzNH2QAN	Camping	a016F00001f5XFEQA2
Thomas Rosales	0036F00002XzNH2QAN	Sailing	a016F00001f5XFCQA2
Thor Weaver	0036F00002XzNH3QAN	Chess	a016F00001f5XF0QAM
Thor Weaver	0036F00002XzNH3QAN	Bird watching	a016F00001f5XF7QAM
Thor Weaver	0036F00002XzNH3QAN	Kayaking	a016F00001f5XF8QAM
Timon Mack	0036F00002XzNH4QAN	Orienteering	a016F00001f5XFAQA2
Timon Mack	0036F00002XzNH4QAN	Rafting	a016F00001f5XFBQA2
Troy Cook	0036F00002XzNH5QAN	Backpacking	a016F00001f5XFDQA2
Troy Cook	0036F00002XzNH5QAN	Camping	a016F00001f5XFEQA2
Troy Cook	0036F00002XzNH5QAN	Sailing	a016F00001f5XFCQA2
Ulla Perez	0036F00002XzNH6QAN	Sailing	a016F00001f5XFCQA2
Ulla Perez	0036F00002XzNH6QAN	Bird watching	a016F00001f5XF7QAM
Ulla Perez	0036F00002XzNH6QAN	Backpacking	a016F00001f5XFDQA2
Ulysses Ferrell	0036F00002XzNH7QAN	Chess	a016F00001f5XF0QAM
Ulysses Ferrell	0036F00002XzNH7QAN	Backpacking	a016F00001f5XFDQA2
Ulysses Ferrell	0036F00002XzNH7QAN	Camping	a016F00001f5XFEQA2
Vanna Combs	0036F00002XzNH8QAN	Orienteering	a016F00001f5XFAQA2
Vanna Combs	0036F00002XzNH8QAN	Rafting	a016F00001f5XFBQA2
Vanna Combs	0036F00002XzNH8QAN	Camping	a016F00001f5XFEQA2
Vladimir Sutton	0036F00002XzNH9QAN	Camping	a016F00001f5XFEQA2
Vladimir Sutton	0036F00002XzNH9QAN	Orienteering	a016F00001f5XFAQA2
Vladimir Sutton	0036F00002XzNH9QAN	Rafting	a016F00001f5XFBQA2
Willa Dodson	0036F00002XzNHAQA3	Mountaineering	a016F00001f5XExQAM
Willa Dodson	0036F00002XzNHAQA3	Kayaking	a016F00001f5XF8QAM
Willa Dodson	0036F00002XzNHAQA3	Mountain biking	a016F00001f5XF9QAM
Yetta Tucker	0036F00002XzNHCQA3	Sailing	a016F00001f5XFCQA2
Yetta Tucker	0036F00002XzNHCQA3	Backpacking	a016F00001f5XFDQA2
Yoshi Dominguez	0036F00002XzNHDQA3	Mountain biking	a016F00001f5XF9QAM
Yoshi Dominguez	0036F00002XzNHDQA3	Mountaineering	a016F00001f5XExQAM
Yvonne Cortez	0036F00002XzNHEQA3	Chess	a016F00001f5XF0QAM
Yvonne Cortez	0036F00002XzNHEQA3	Kayaking	a016F00001f5XF8QAM
Yvonne Cortez	0036F00002XzNHEQA3	Mountain biking	a016F00001f5XF9QAM
Yvonne Gibbs	0036F00002XzNHFQA3	Camping	a016F00001f5XFEQA2
Yvonne Gibbs	0036F00002XzNHFQA3	Chess	a016F00001f5XF0QAM
Zachery Thompson	0036F00002XzNHGQA3	Painting	a016F00001f5XEoQAM
Zachery Thompson	0036F00002XzNHGQA3	Orienteering	a016F00001f5XFAQA2
Zachery Thompson	0036F00002XzNHGQA3	Origami	a016F00001f5XEiQAM
Zoe Clarke	0036F00002XzNHHQA3	Camping	a016F00001f5XFEQA2
Zoe Clarke	0036F00002XzNHHQA3	Orienteering	a016F00001f5XFAQA2
Zoe Clarke	0036F00002XzNHHQA3	Rafting	a016F00001f5XFBQA2
