"ID","CONTACT NAME","CONTACT ID","HOBBY","HOBBY ID","STATUS"
"a006F00002wzesCQAQ","Acton Mercado","0036F00002XzNFgQAN","Camping","a016F00001f5XFEQA2","Item Created"
"a006F00002wzesDQAQ","Acton Mercado","0036F00002XzNFgQAN","Sailing","a016F00001f5XFCQA2","Item Created"
"a006F00002wzesEQAQ","Acton Mercado","0036F00002XzNFgQAN","Backpacking","a016F00001f5XFDQA2","Item Created"
"a006F00002wzesFQAQ","Adam Hogan","0036F00002XzNFhQAN","Mountaineering","a016F00001f5XExQAM","Item Created"
"a006F00002wzesGQAQ","Adam Hogan","0036F00002XzNFhQAN","Kayaking","a016F00001f5XF8QAM","Item Created"
"a006F00002wzesHQAQ","Adam Hogan","0036F00002XzNFhQAN","Mountain biking","a016F00001f5XF9QAM","Item Created"
"a006F00002wzesIQAQ","Adria Battle","0036F00002XzNFiQAN","Bridge","a016F00001f5XEzQAM","Item Created"
"a006F00002wzesJQAQ","Adria Battle","0036F00002XzNFiQAN","Chess","a016F00001f5XF0QAM","Item Created"
"a006F00002wzesKQAQ","Adria Battle","0036F00002XzNFiQAN","Sailing","a016F00001f5XFCQA2","Item Created"
"a006F00002wzesLQAQ","Aubrey Weaver","0036F00002XzNFjQAN","Bridge","a016F00001f5XEzQAM","Item Created"
"a006F00002wzesMQAQ","Aubrey Weaver","0036F00002XzNFjQAN","Backpacking","a016F00001f5XFDQA2","Item Created"
"a006F00002wzesNQAQ","Aubrey Weaver","0036F00002XzNFjQAN","Board games","a016F00001f5XEyQAM","Item Created"
"a006F00002wzesOQAQ","Beverly Fletcher","0036F00002XzNFkQAN","Backpacking","a016F00001f5XFDQA2","Item Created"
"a006F00002wzesPQAQ","Beverly Fletcher","0036F00002XzNFkQAN","Camping","a016F00001f5XFEQA2","Item Created"
"a006F00002wzesQQAQ","Beverly Fletcher","0036F00002XzNFkQAN","Sailing","a016F00001f5XFCQA2","Item Created"
"a006F00002wzesRQAQ","Blaine Schroeder","0036F00002XzNFlQAN","Camping","a016F00001f5XFEQA2","Item Created"
"a006F00002wzesSQAQ","Blaine Schroeder","0036F00002XzNFlQAN","Orienteering","a016F00001f5XFAQA2","Item Created"
"a006F00002wzesTQAQ","Blaine Schroeder","0036F00002XzNFlQAN","Rafting","a016F00001f5XFBQA2","Item Created"
"a006F00002wzesUQAQ","Brenda Mullins","0036F00002XzNFmQAN","Chess","a016F00001f5XF0QAM","Item Created"
"a006F00002wzesVQAQ","Brenda Mullins","0036F00002XzNFmQAN","Bird watching","a016F00001f5XF7QAM","Item Created"
"a006F00002wzesWQAQ","Brenda Mullins","0036F00002XzNFmQAN","Kayaking","a016F00001f5XF8QAM","Item Created"
"a006F00002wzesXQAQ","Brock Bryan","0036F00002XzNFnQAN","Rafting","a016F00001f5XFBQA2","Item Created"
"a006F00002wzesYQAQ","Brock Bryan","0036F00002XzNFnQAN","Orienteering","a016F00001f5XFAQA2","Item Created"
"a006F00002wzesZQAQ","Brynn Ferguson","0036F00002XzNFoQAN","Backpacking","a016F00001f5XFDQA2","Item Created"
"a006F00002wzesaQAA","Brynn Ferguson","0036F00002XzNFoQAN","Camping","a016F00001f5XFEQA2","Item Created"
"a006F00002wzesbQAA","Brynn Ferguson","0036F00002XzNFoQAN","Chess","a016F00001f5XF0QAM","Item Created"
"a006F00002wzescQAA","Carly Farrell","0036F00002XzNFpQAN","Bird watching","a016F00001f5XF7QAM","Item Created"
"a006F00002wzesdQAA","Carly Farrell","0036F00002XzNFpQAN","Kayaking","a016F00001f5XF8QAM","Item Created"
"a006F00002wzeseQAA","Charde Matthews","0036F00002XzNFqQAN","Mountain biking","a016F00001f5XF9QAM","Item Created"
"a006F00002wzesfQAA","Charde Matthews","0036F00002XzNFqQAN","Sailing","a016F00001f5XFCQA2","Item Created"
"a006F00002wzesgQAA","Charde Matthews","0036F00002XzNFqQAN","Glassblowing","a016F00001f5XEhQAM","Item Created"
"a006F00002wzeshQAA","Charity Burke","0036F00002XzNFrQAN","Mountain biking","a016F00001f5XF9QAM","Item Created"
"a006F00002wzesiQAA","Charity Burke","0036F00002XzNFrQAN","Mountaineering","a016F00001f5XExQAM","Item Created"
"a006F00002wzesjQAA","Cheyenne Walter","0036F00002XzNFsQAN","Sailing","a016F00001f5XFCQA2","Item Created"
"a006F00002wzeskQAA","Cheyenne Walter","0036F00002XzNFsQAN","Backpacking","a016F00001f5XFDQA2","Item Created"
"a006F00002wzeslQAA","Clayton Collier","0036F00002XzNFtQAN","Chess","a016F00001f5XF0QAM","Item Created"
"a006F00002wzesmQAA","Clayton Collier","0036F00002XzNFtQAN","Bird watching","a016F00001f5XF7QAM","Item Created"
"a006F00002wzesnQAA","Clayton Collier","0036F00002XzNFtQAN","Kayaking","a016F00001f5XF8QAM","Item Created"
"a006F00002wzesoQAA","Cody Clay","0036F00002XzNFuQAN","Kayaking","a016F00001f5XF8QAM","Item Created"
"a006F00002wzespQAA","Cody Clay","0036F00002XzNFuQAN","Backpacking","a016F00001f5XFDQA2","Item Created"
"a006F00002wzesqQAA","Cody Clay","0036F00002XzNFuQAN","Marbles","a016F00001f5XF2QAM","Item Created"
"a006F00002wzesrQAA","Colton Griffith","0036F00002XzNFvQAN","Kayaking","a016F00001f5XF8QAM","Item Created"
"a006F00002wzessQAA","Colton Griffith","0036F00002XzNFvQAN","Mountain biking","a016F00001f5XF9QAM","Item Created"
"a006F00002wzestQAA","Colton Griffith","0036F00002XzNFvQAN","Mountaineering","a016F00001f5XExQAM","Item Created"
"a006F00002wzesuQAA","Cyrus Atkins","0036F00002XzNFwQAN","Sailing","a016F00001f5XFCQA2","Item Created"
"a006F00002wzesvQAA","Cyrus Atkins","0036F00002XzNFwQAN","Backpacking","a016F00001f5XFDQA2","Item Created"
"a006F00002wzeswQAA","Dana Pugh","0036F00002XzNFxQAN","Marbles","a016F00001f5XF2QAM","Item Created"
"a006F00002wzesxQAA","Dana Pugh","0036F00002XzNFxQAN","Sketching","a016F00001f5XErQAM","Item Created"
"a006F00002wzesyQAA","Dana Pugh","0036F00002XzNFxQAN","Woodworking","a016F00001f5XEsQAM","Item Created"
"a006F00002wzeszQAA","Deacon Gill","0036F00002XzNFyQAN","Mountain biking","a016F00001f5XF9QAM","Item Created"
"a006F00002wzet0QAA","Deacon Gill","0036F00002XzNFyQAN","Mountaineering","a016F00001f5XExQAM","Item Created"
"a006F00002wzet1QAA","Dean Travis","0036F00002XzNFzQAN","Camping","a016F00001f5XFEQA2","Item Created"
"a006F00002wzet2QAA","Dean Travis","0036F00002XzNFzQAN","Orienteering","a016F00001f5XFAQA2","Item Created"
"a006F00002wzet3QAA","Dean Travis","0036F00002XzNFzQAN","Rafting","a016F00001f5XFBQA2","Item Created"
"a006F00002wzet4QAA","Emerson Burns","0036F00002XzNG1QAN","Backpacking","a016F00001f5XFDQA2","Item Created"
"a006F00002wzet5QAA","Emerson Burns","0036F00002XzNG1QAN","Camping","a016F00001f5XFEQA2","Item Created"
"a006F00002wzet6QAA","Emerson Burns","0036F00002XzNG1QAN","Orienteering","a016F00001f5XFAQA2","Item Created"
"a006F00002wzet7QAA","Emi Bradshaw","0036F00002XzNG2QAN","Backpacking","a016F00001f5XFDQA2","Item Created"
"a006F00002wzet8QAA","Emi Bradshaw","0036F00002XzNG2QAN","Sailing","a016F00001f5XFCQA2","Item Created"
"a006F00002wzet9QAA","Emi Bradshaw","0036F00002XzNG2QAN","Bird watching","a016F00001f5XF7QAM","Item Created"
"a006F00002wzetAQAQ","Emily Peters","0036F00002XzNG3QAN","Chess","a016F00001f5XF0QAM","Item Created"
"a006F00002wzetBQAQ","Emily Peters","0036F00002XzNG3QAN","Bird watching","a016F00001f5XF7QAM","Item Created"
"a006F00002wzetCQAQ","Emily Peters","0036F00002XzNG3QAN","Kayaking","a016F00001f5XF8QAM","Item Created"
"a006F00002wzetDQAQ","Emma Mayo","0036F00002XzNG4QAN","Orienteering","a016F00001f5XFAQA2","Item Created"
"a006F00002wzetEQAQ","Emma Mayo","0036F00002XzNG4QAN","Rafting","a016F00001f5XFBQA2","Item Created"
"a006F00002wzetFQAQ","Erich Ingram","0036F00002XzNG5QAN","Chess","a016F00001f5XF0QAM","Item Created"
"a006F00002wzetGQAQ","Erich Ingram","0036F00002XzNG5QAN","Backpacking","a016F00001f5XFDQA2","Item Created"
"a006F00002wzetHQAQ","Erich Ingram","0036F00002XzNG5QAN","Camping","a016F00001f5XFEQA2","Item Created"
"a006F00002wzetIQAQ","Eve Gay","0036F00002XzNG6QAN","Lego building","a016F00001f5XF6QAM","Item Created"
"a006F00002wzetJQAQ","Eve Gay","0036F00002XzNG6QAN","Sailing","a016F00001f5XFCQA2","Item Created"
"a006F00002wzetKQAQ","Eve Gay","0036F00002XzNG6QAN","Glassblowing","a016F00001f5XEhQAM","Item Created"
"a006F00002wzetLQAQ","Fletcher Hernandez","0036F00002XzNG7QAN","Sculpting","a016F00001f5XEqQAM","Item Created"
"a006F00002wzetMQAQ","Fletcher Hernandez","0036F00002XzNG7QAN","Photography","a016F00001f5XEpQAM","Item Created"
"a006F00002wzetNQAQ","Fletcher Hernandez","0036F00002XzNG7QAN","Bird watching","a016F00001f5XF7QAM","Item Created"
"a006F00002wzetOQAQ","Francis Good","0036F00002XzNG8QAN","Bird watching","a016F00001f5XF7QAM","Item Created"
"a006F00002wzetPQAQ","Francis Good","0036F00002XzNG8QAN","BASE jumping","a016F00001f5XEtQAM","Item Created"
"a006F00002wzetQQAQ","Francis Good","0036F00002XzNG8QAN","Video gaming","a016F00001f5XF5QAM","Item Created"
"a006F00002wzetRQAQ","Gareth Park","0036F00002XzNG9QAN","Backpacking","a016F00001f5XFDQA2","Item Created"
"a006F00002wzetSQAQ","Gareth Park","0036F00002XzNG9QAN","Marbles","a016F00001f5XF2QAM","Item Created"
"a006F00002wzetTQAQ","Gareth Park","0036F00002XzNG9QAN","Sailing","a016F00001f5XFCQA2","Item Created"
"a006F00002wzetUQAQ","Gisela Waller","0036F00002XzNGAQA3","Chess","a016F00001f5XF0QAM","Item Created"
"a006F00002wzetVQAQ","Gisela Waller","0036F00002XzNGAQA3","Camping","a016F00001f5XFEQA2","Item Created"
"a006F00002wzetWQAQ","Gisela Waller","0036F00002XzNGAQA3","Orienteering","a016F00001f5XFAQA2","Item Created"
"a006F00002wzetXQAQ","Hilel Harris","0036F00002XzNGCQA3","Bird watching","a016F00001f5XF7QAM","Item Created"
"a006F00002wzetYQAQ","Hilel Harris","0036F00002XzNGCQA3","Painting","a016F00001f5XEoQAM","Item Created"
"a006F00002wzetZQAQ","Hilel Harris","0036F00002XzNGCQA3","Photography","a016F00001f5XEpQAM","Item Created"
"a006F00002wzetaQAA","Hollee Davidson","0036F00002XzNGDQA3","Camping","a016F00001f5XFEQA2","Item Created"
"a006F00002wzetbQAA","Hollee Davidson","0036F00002XzNGDQA3","Orienteering","a016F00001f5XFAQA2","Item Created"
"a006F00002wzetcQAA","Hollee Davidson","0036F00002XzNGDQA3","Rafting","a016F00001f5XFBQA2","Item Created"
"a006F00002wzetdQAA","Hop Fletcher","0036F00002XzNGEQA3","Bird watching","a016F00001f5XF7QAM","Item Created"
"a006F00002wzeteQAA","Hop Fletcher","0036F00002XzNGEQA3","Mountain biking","a016F00001f5XF9QAM","Item Created"
"a006F00002wzetfQAA","Hop Fletcher","0036F00002XzNGEQA3","Orienteering","a016F00001f5XFAQA2","Item Created"
"a006F00002wzetgQAA","Hyatt Best","0036F00002XzNGFQA3","Poker","a016F00001f5XF3QAM","Item Created"
"a006F00002wzethQAA","Hyatt Best","0036F00002XzNGFQA3","Camping","a016F00001f5XFEQA2","Item Created"
"a006F00002wzetiQAA","Hyatt Best","0036F00002XzNGFQA3","Sudoku","a016F00001f5XF4QAM","Item Created"
"a006F00002wzetjQAA","Iona Foley","0036F00002XzNGGQA3","Mountain biking","a016F00001f5XF9QAM","Item Created"
"a006F00002wzetkQAA","Iona Foley","0036F00002XzNGGQA3","Mountaineering","a016F00001f5XExQAM","Item Created"
"a006F00002wzetlQAA","Jacqueline Pennington","0036F00002XzNGIQA3","Kayaking","a016F00001f5XF8QAM","Item Created"
"a006F00002wzetmQAA","Jacqueline Pennington","0036F00002XzNGIQA3","Rafting","a016F00001f5XFBQA2","Item Created"
"a006F00002wzetnQAA","Jada Miles","0036F00002XzNGJQA3","Camping","a016F00001f5XFEQA2","Item Created"
"a006F00002wzetoQAA","Jada Miles","0036F00002XzNGJQA3","Orienteering","a016F00001f5XFAQA2","Item Created"
"a006F00002wzetpQAA","Jada Miles","0036F00002XzNGJQA3","Rafting","a016F00001f5XFBQA2","Item Created"
"a006F00002wzetqQAA","Jessamine Mcclure","0036F00002XzNGKQA3","Lego building","a016F00001f5XF6QAM","Item Created"
"a006F00002wzetrQAA","Jessamine Mcclure","0036F00002XzNGKQA3","Orienteering","a016F00001f5XFAQA2","Item Created"
"a006F00002wzetsQAA","Jessamine Mcclure","0036F00002XzNGKQA3","Origami","a016F00001f5XEiQAM","Item Created"
"a006F00002wzettQAA","Jessamine Torres","0036F00002XzNGLQA3","Bird watching","a016F00001f5XF7QAM","Item Created"
"a006F00002wzetuQAA","Jessamine Torres","0036F00002XzNGLQA3","Kayaking","a016F00001f5XF8QAM","Item Created"
"a006F00002wzetvQAA","Joshua Case","0036F00002XzNGMQA3","Camping","a016F00001f5XFEQA2","Item Created"
"a006F00002wzetwQAA","Joshua Case","0036F00002XzNGMQA3","Chess","a016F00001f5XF0QAM","Item Created"
"a006F00002wzetxQAA","Joshua Maxwell","0036F00002XzNGNQA3","Sculpting","a016F00001f5XEqQAM","Item Created"
"a006F00002wzetyQAA","Joshua Maxwell","0036F00002XzNGNQA3","Kayaking","a016F00001f5XF8QAM","Item Created"
"a006F00002wzetzQAA","Joshua Maxwell","0036F00002XzNGNQA3","Rafting","a016F00001f5XFBQA2","Item Created"
"a006F00002wzeu0QAA","Juliet Collier","0036F00002XzNGOQA3","Camping","a016F00001f5XFEQA2","Item Created"
"a006F00002wzeu1QAA","Juliet Collier","0036F00002XzNGOQA3","Chess","a016F00001f5XF0QAM","Item Created"
"a006F00002wzeu2QAA","Kalia Reid","0036F00002XzNGPQA3","Marbles","a016F00001f5XF2QAM","Item Created"
"a006F00002wzeu3QAA","Kalia Reid","0036F00002XzNGPQA3","Backpacking","a016F00001f5XFDQA2","Item Created"
"a006F00002wzeu4QAA","Kalia Reid","0036F00002XzNGPQA3","Mahjong","a016F00001f5XF1QAM","Item Created"
"a006F00002wzeu5QAA","Keefe Hendricks","0036F00002XzNGQQA3","Camping","a016F00001f5XFEQA2","Item Created"
"a006F00002wzeu6QAA","Keefe Hendricks","0036F00002XzNGQQA3","Chess","a016F00001f5XF0QAM","Item Created"
"a006F00002wzeu7QAA","Kirk Petty","0036F00002XzNGRQA3","Bird watching","a016F00001f5XF7QAM","Item Created"
"a006F00002wzeu8QAA","Kirk Petty","0036F00002XzNGRQA3","Backpacking","a016F00001f5XFDQA2","Item Created"
"a006F00002wzeu9QAA","Kirk Petty","0036F00002XzNGRQA3","Marbles","a016F00001f5XF2QAM","Item Created"
"a006F00002wzeuAQAQ","Kyla Oconnor","0036F00002XzNGSQA3","Mountaineering","a016F00001f5XExQAM","Item Created"
"a006F00002wzeuBQAQ","Kyla Oconnor","0036F00002XzNGSQA3","Kayaking","a016F00001f5XF8QAM","Item Created"
"a006F00002wzeuCQAQ","Kyla Oconnor","0036F00002XzNGSQA3","Mountain biking","a016F00001f5XF9QAM","Item Created"
"a006F00002wzeuDQAQ","Lacy Vaughan","0036F00002XzNGTQA3","Orienteering","a016F00001f5XFAQA2","Item Created"
"a006F00002wzeuEQAQ","Lacy Vaughan","0036F00002XzNGTQA3","Mountain biking","a016F00001f5XF9QAM","Item Created"
"a006F00002wzeuFQAQ","Lacy Vaughan","0036F00002XzNGTQA3","Mountaineering","a016F00001f5XExQAM","Item Created"
"a006F00002wzeuGQAQ","Leila Branch","0036F00002XzNGVQA3","Backpacking","a016F00001f5XFDQA2","Item Created"
"a006F00002wzeuHQAQ","Leila Branch","0036F00002XzNGVQA3","Sailing","a016F00001f5XFCQA2","Item Created"
"a006F00002wzeuIQAQ","Leila Branch","0036F00002XzNGVQA3","Bird watching","a016F00001f5XF7QAM","Item Created"
"a006F00002wzeuJQAQ","Len Hill","0036F00002XzNGWQA3","Mountain biking","a016F00001f5XF9QAM","Item Created"
"a006F00002wzeuKQAQ","Len Hill","0036F00002XzNGWQA3","Mountaineering","a016F00001f5XExQAM","Item Created"
"a006F00002wzeuLQAQ","Lewis Nolan","0036F00002XzNGXQA3","Camping","a016F00001f5XFEQA2","Item Created"
"a006F00002wzeuMQAQ","Lewis Nolan","0036F00002XzNGXQA3","Orienteering","a016F00001f5XFAQA2","Item Created"
"a006F00002wzeuNQAQ","Lewis Nolan","0036F00002XzNGXQA3","Rafting","a016F00001f5XFBQA2","Item Created"
"a006F00002wzeuOQAQ","Lucius Maynard","0036F00002XzNGYQA3","Kayaking","a016F00001f5XF8QAM","Item Created"
"a006F00002wzeuPQAQ","Lucius Maynard","0036F00002XzNGYQA3","Bird watching","a016F00001f5XF7QAM","Item Created"
"a006F00002wzeuQQAQ","Macey Harmon","0036F00002XzNGZQA3","Backpacking","a016F00001f5XFDQA2","Item Created"
"a006F00002wzeuRQAQ","Macey Harmon","0036F00002XzNGZQA3","Marbles","a016F00001f5XF2QAM","Item Created"
"a006F00002wzeuSQAQ","Macon Bernard","0036F00002XzNGaQAN","Chess","a016F00001f5XF0QAM","Item Created"
"a006F00002wzeuTQAQ","Macon Bernard","0036F00002XzNGaQAN","Bird watching","a016F00001f5XF7QAM","Item Created"
"a006F00002wzeuUQAQ","Macon Bernard","0036F00002XzNGaQAN","Kayaking","a016F00001f5XF8QAM","Item Created"
"a006F00002wzeuVQAQ","Malik Hernandez","0036F00002XzNGbQAN","Backpacking","a016F00001f5XFDQA2","Item Created"
"a006F00002wzeuWQAQ","Malik Hernandez","0036F00002XzNGbQAN","Board games","a016F00001f5XEyQAM","Item Created"
"a006F00002wzeuXQAQ","Malik Hernandez","0036F00002XzNGbQAN","Bird watching","a016F00001f5XF7QAM","Item Created"
"a006F00002wzeuYQAQ","Malik Mendez","0036F00002XzNGcQAN","Orienteering","a016F00001f5XFAQA2","Item Created"
"a006F00002wzeuZQAQ","Malik Mendez","0036F00002XzNGcQAN","Rafting","a016F00001f5XFBQA2","Item Created"
"a006F00002wzeuaQAA","Michelle Beard","0036F00002XzNGfQAN","Bird watching","a016F00001f5XF7QAM","Item Created"
"a006F00002wzeubQAA","Michelle Beard","0036F00002XzNGfQAN","Kayaking","a016F00001f5XF8QAM","Item Created"
"a006F00002wzeucQAA","Montana Todd","0036F00002XzNGhQAN","Backpacking","a016F00001f5XFDQA2","Item Created"
"a006F00002wzeudQAA","Montana Todd","0036F00002XzNGhQAN","Chess","a016F00001f5XF0QAM","Item Created"
"a006F00002wzeueQAA","Montana Todd","0036F00002XzNGhQAN","Sailing","a016F00001f5XFCQA2","Item Created"
"a006F00002wzeufQAA","Nash Baker","0036F00002XzNGiQAN","Orienteering","a016F00001f5XFAQA2","Item Created"
"a006F00002wzeugQAA","Nash Baker","0036F00002XzNGiQAN","Backpacking","a016F00001f5XFDQA2","Item Created"
"a006F00002wzeuhQAA","Nash Baker","0036F00002XzNGiQAN","Camping","a016F00001f5XFEQA2","Item Created"
"a006F00002wzeuiQAA","Nash Mullen","0036F00002XzNGjQAN","Backpacking","a016F00001f5XFDQA2","Item Created"
"a006F00002wzeujQAA","Nash Mullen","0036F00002XzNGjQAN","Sailing","a016F00001f5XFCQA2","Item Created"
"a006F00002wzeukQAA","Nash Mullen","0036F00002XzNGjQAN","Bird watching","a016F00001f5XF7QAM","Item Created"
"a006F00002wzeulQAA","Nell Cooley","0036F00002XzNGlQAN","Speed skating","a016F00001f5XEwQAM","Item Created"
"a006F00002wzeumQAA","Nell Cooley","0036F00002XzNGlQAN","Skydiving","a016F00001f5XEuQAM","Item Created"
"a006F00002wzeunQAA","Nell Cooley","0036F00002XzNGlQAN","Snowboarding","a016F00001f5XEvQAM","Item Created"
"a006F00002wzeuoQAA","Oliver Dixon","0036F00002XzNGmQAN","Bird watching","a016F00001f5XF7QAM","Item Created"
"a006F00002wzeupQAA","Oliver Dixon","0036F00002XzNGmQAN","Kayaking","a016F00001f5XF8QAM","Item Created"
"a006F00002wzeuqQAA","Olivia Nolan","0036F00002XzNGnQAN","Camping","a016F00001f5XFEQA2","Item Created"
"a006F00002wzeurQAA","Olivia Nolan","0036F00002XzNGnQAN","Orienteering","a016F00001f5XFAQA2","Item Created"
"a006F00002wzeusQAA","Olivia Nolan","0036F00002XzNGnQAN","Chess","a016F00001f5XF0QAM","Item Created"
"a006F00002wzeutQAA","Pascale Newton","0036F00002XzNGoQAN","Chess","a016F00001f5XF0QAM","Item Created"
"a006F00002wzeuuQAA","Pascale Newton","0036F00002XzNGoQAN","Bird watching","a016F00001f5XF7QAM","Item Created"
"a006F00002wzeuvQAA","Pascale Newton","0036F00002XzNGoQAN","Kayaking","a016F00001f5XF8QAM","Item Created"
"a006F00002wzeuwQAA","Phillip Foster","0036F00002XzNGpQAN","Orienteering","a016F00001f5XFAQA2","Item Created"
"a006F00002wzeuxQAA","Phillip Foster","0036F00002XzNGpQAN","Rafting","a016F00001f5XFBQA2","Item Created"
"a006F00002wzeuyQAA","Phoebe Blackburn","0036F00002XzNGqQAN","Orienteering","a016F00001f5XFAQA2","Item Created"
"a006F00002wzeuzQAA","Phoebe Blackburn","0036F00002XzNGqQAN","Backpacking","a016F00001f5XFDQA2","Item Created"
"a006F00002wzev0QAA","Phoebe Blackburn","0036F00002XzNGqQAN","Camping","a016F00001f5XFEQA2","Item Created"
"a006F00002wzev1QAA","Rhona Hoover","0036F00002XzNGrQAN","Sailing","a016F00001f5XFCQA2","Item Created"
"a006F00002wzev2QAA","Rhona Hoover","0036F00002XzNGrQAN","Backpacking","a016F00001f5XFDQA2","Item Created"
"a006F00002wzev3QAA","Russell Winters","0036F00002XzNGtQAN","Orienteering","a016F00001f5XFAQA2","Item Created"
"a006F00002wzev4QAA","Russell Winters","0036F00002XzNGtQAN","Backpacking","a016F00001f5XFDQA2","Item Created"
"a006F00002wzev5QAA","Russell Winters","0036F00002XzNGtQAN","Marbles","a016F00001f5XF2QAM","Item Created"
"a006F00002wzev6QAA","Shad Neal","0036F00002XzNGuQAN","Mountaineering","a016F00001f5XExQAM","Item Created"
"a006F00002wzev7QAA","Shad Neal","0036F00002XzNGuQAN","Kayaking","a016F00001f5XF8QAM","Item Created"
"a006F00002wzev8QAA","Shad Neal","0036F00002XzNGuQAN","Mountain biking","a016F00001f5XF9QAM","Item Created"
"a006F00002wzev9QAA","Sierra Medina","0036F00002XzNGvQAN","Orienteering","a016F00001f5XFAQA2","Item Created"
"a006F00002wzevAQAQ","Sierra Medina","0036F00002XzNGvQAN","Rafting","a016F00001f5XFBQA2","Item Created"
"a006F00002wzevBQAQ","Skyler Monroe","0036F00002XzNGwQAN","Camping","a016F00001f5XFEQA2","Item Created"
"a006F00002wzevCQAQ","Skyler Monroe","0036F00002XzNGwQAN","Chess","a016F00001f5XF0QAM","Item Created"
"a006F00002wzevDQAQ","Stella Hopkins","0036F00002XzNGxQAN","Mountaineering","a016F00001f5XExQAM","Item Created"
"a006F00002wzevEQAQ","Stella Hopkins","0036F00002XzNGxQAN","Kayaking","a016F00001f5XF8QAM","Item Created"
"a006F00002wzevFQAQ","Stella Hopkins","0036F00002XzNGxQAN","Mountain biking","a016F00001f5XF9QAM","Item Created"
"a006F00002wzevGQAQ","Tad Boyd","0036F00002XzNGyQAN","Bird watching","a016F00001f5XF7QAM","Item Created"
"a006F00002wzevHQAQ","Tad Boyd","0036F00002XzNGyQAN","Kayaking","a016F00001f5XF8QAM","Item Created"
"a006F00002wzevIQAQ","Tara Roberts","0036F00002XzNGzQAN","Mountain biking","a016F00001f5XF9QAM","Item Created"
"a006F00002wzevJQAQ","Tara Roberts","0036F00002XzNGzQAN","Mountaineering","a016F00001f5XExQAM","Item Created"
"a006F00002wzevKQAQ","Tatum Mcgee","0036F00002XzNH0QAN","Camping","a016F00001f5XFEQA2","Item Created"
"a006F00002wzevLQAQ","Tatum Mcgee","0036F00002XzNH0QAN","Sudoku","a016F00001f5XF4QAM","Item Created"
"a006F00002wzevMQAQ","Tatum Mcgee","0036F00002XzNH0QAN","Video gaming","a016F00001f5XF5QAM","Item Created"
"a006F00002wzevNQAQ","Thane Greene","0036F00002XzNH1QAN","Camping","a016F00001f5XFEQA2","Item Created"
"a006F00002wzevOQAQ","Thane Greene","0036F00002XzNH1QAN","Chess","a016F00001f5XF0QAM","Item Created"
"a006F00002wzevPQAQ","Thomas Rosales","0036F00002XzNH2QAN","Backpacking","a016F00001f5XFDQA2","Item Created"
"a006F00002wzevQQAQ","Thomas Rosales","0036F00002XzNH2QAN","Camping","a016F00001f5XFEQA2","Item Created"
"a006F00002wzevRQAQ","Thomas Rosales","0036F00002XzNH2QAN","Sailing","a016F00001f5XFCQA2","Item Created"
"a006F00002wzevSQAQ","Thor Weaver","0036F00002XzNH3QAN","Chess","a016F00001f5XF0QAM","Item Created"
"a006F00002wzevTQAQ","Thor Weaver","0036F00002XzNH3QAN","Bird watching","a016F00001f5XF7QAM","Item Created"
"a006F00002wzevUQAQ","Thor Weaver","0036F00002XzNH3QAN","Kayaking","a016F00001f5XF8QAM","Item Created"
"a006F00002wzevVQAQ","Timon Mack","0036F00002XzNH4QAN","Orienteering","a016F00001f5XFAQA2","Item Created"
"a006F00002wzevWQAQ","Timon Mack","0036F00002XzNH4QAN","Rafting","a016F00001f5XFBQA2","Item Created"
"a006F00002wzevXQAQ","Troy Cook","0036F00002XzNH5QAN","Backpacking","a016F00001f5XFDQA2","Item Created"
"a006F00002wzevYQAQ","Troy Cook","0036F00002XzNH5QAN","Camping","a016F00001f5XFEQA2","Item Created"
"a006F00002wzevZQAQ","Troy Cook","0036F00002XzNH5QAN","Sailing","a016F00001f5XFCQA2","Item Created"
"a006F00002wzevaQAA","Ulla Perez","0036F00002XzNH6QAN","Sailing","a016F00001f5XFCQA2","Item Created"
"a006F00002wzevbQAA","Ulla Perez","0036F00002XzNH6QAN","Bird watching","a016F00001f5XF7QAM","Item Created"
"a006F00002wzevcQAA","Ulla Perez","0036F00002XzNH6QAN","Backpacking","a016F00001f5XFDQA2","Item Created"
"a006F00002wzevdQAA","Ulysses Ferrell","0036F00002XzNH7QAN","Chess","a016F00001f5XF0QAM","Item Created"
"a006F00002wzeveQAA","Ulysses Ferrell","0036F00002XzNH7QAN","Backpacking","a016F00001f5XFDQA2","Item Created"
"a006F00002wzevfQAA","Ulysses Ferrell","0036F00002XzNH7QAN","Camping","a016F00001f5XFEQA2","Item Created"
"a006F00002wzevgQAA","Vanna Combs","0036F00002XzNH8QAN","Orienteering","a016F00001f5XFAQA2","Item Created"
"a006F00002wzevhQAA","Vanna Combs","0036F00002XzNH8QAN","Rafting","a016F00001f5XFBQA2","Item Created"
"a006F00002wzeviQAA","Vanna Combs","0036F00002XzNH8QAN","Camping","a016F00001f5XFEQA2","Item Created"
"a006F00002wzevjQAA","Vladimir Sutton","0036F00002XzNH9QAN","Camping","a016F00001f5XFEQA2","Item Created"
"a006F00002wzevkQAA","Vladimir Sutton","0036F00002XzNH9QAN","Orienteering","a016F00001f5XFAQA2","Item Created"
"a006F00002wzevlQAA","Vladimir Sutton","0036F00002XzNH9QAN","Rafting","a016F00001f5XFBQA2","Item Created"
"a006F00002wzevmQAA","Willa Dodson","0036F00002XzNHAQA3","Mountaineering","a016F00001f5XExQAM","Item Created"
"a006F00002wzevnQAA","Willa Dodson","0036F00002XzNHAQA3","Kayaking","a016F00001f5XF8QAM","Item Created"
"a006F00002wzevoQAA","Willa Dodson","0036F00002XzNHAQA3","Mountain biking","a016F00001f5XF9QAM","Item Created"
"a006F00002wzevpQAA","Yetta Tucker","0036F00002XzNHCQA3","Sailing","a016F00001f5XFCQA2","Item Created"
"a006F00002wzevqQAA","Yetta Tucker","0036F00002XzNHCQA3","Backpacking","a016F00001f5XFDQA2","Item Created"
"a006F00002wzevrQAA","Yoshi Dominguez","0036F00002XzNHDQA3","Mountain biking","a016F00001f5XF9QAM","Item Created"
"a006F00002wzevsQAA","Yoshi Dominguez","0036F00002XzNHDQA3","Mountaineering","a016F00001f5XExQAM","Item Created"
"a006F00002wzevtQAA","Yvonne Cortez","0036F00002XzNHEQA3","Chess","a016F00001f5XF0QAM","Item Created"
"a006F00002wzevuQAA","Yvonne Cortez","0036F00002XzNHEQA3","Kayaking","a016F00001f5XF8QAM","Item Created"
"a006F00002wzevvQAA","Yvonne Cortez","0036F00002XzNHEQA3","Mountain biking","a016F00001f5XF9QAM","Item Created"
"a006F00002wzevwQAA","Yvonne Gibbs","0036F00002XzNHFQA3","Camping","a016F00001f5XFEQA2","Item Created"
"a006F00002wzevxQAA","Yvonne Gibbs","0036F00002XzNHFQA3","Chess","a016F00001f5XF0QAM","Item Created"
"a006F00002wzevyQAA","Zachery Thompson","0036F00002XzNHGQA3","Painting","a016F00001f5XEoQAM","Item Created"
"a006F00002wzevzQAA","Zachery Thompson","0036F00002XzNHGQA3","Orienteering","a016F00001f5XFAQA2","Item Created"
"a006F00002wzew0QAA","Zachery Thompson","0036F00002XzNHGQA3","Origami","a016F00001f5XEiQAM","Item Created"
"a006F00002wzew1QAA","Zoe Clarke","0036F00002XzNHHQA3","Camping","a016F00001f5XFEQA2","Item Created"
"a006F00002wzew2QAA","Zoe Clarke","0036F00002XzNHHQA3","Orienteering","a016F00001f5XFAQA2","Item Created"
"a006F00002wzew3QAA","Zoe Clarke","0036F00002XzNHHQA3","Rafting","a016F00001f5XFBQA2","Item Created"
